Hannah,Hood,YMe03pVVZ8TY,22,3,22,Ut Institute,3474 Vel Ave,6066 Turpis Road,Cork,23,66017,1-625-994-6129,(561) 532-9018
Kylan,Vaughn,XGj68nASN0EK,17,1,23,Donec Foundation,Ap #459-8688 Nunc St.,865-6679 Libero. Rd.,Fratta Todina,18,33426,1-545-764-4065,(933) 476-9205
Charity,Cooke,LUx81cCEA0OD,21,8,12,Egestas Blandit Nam PC,630-4631 Mauris Street,P.O. Box 162. 196 Libero Ave,Portico e San Benedetto,38,54185,1-232-833-1422,(445) 384-6651
Brian,Mcfarland,YQn23dRNP3BQ,21,4,49,Praesent Interdum Ligula Institute,Ap #313-2539 Vulputate. Rd.,4189 Aliquam Avenue,Maidstone,51,38502,1-128-393-6270,(346) 431-5806
Oprah,Alvarado,ACg16oJDZ1HH,17,3,21,Suscipit Nonummy Fusce Industries,P.O. Box 481. 2370 Et Rd.,4849 Nisi Av.,San Giovanni Lipioni,48,15475,1-383-303-1583,(912) 222-4270
@Ian,Holland,UVh34rTHZ3QZ,13,2,46,Orci Sem Eget Industries,P.O. Box 784. 3621 Eros Ave,942-3972 Egestas Av.,Bokaro Steel City,9,40878,1-101-106-1692,(867) 125-0882
Prescott,Guzman,HGj49mKSB1QC,26,12,24,Risus Donec Inc.,P.O. Box 417. 4708 Amet Rd.,Ap #169-439 Molestie Street,Bairnsdale,15,37475,1-488-306-1288,(313) 864-4643
Barrett,Ross,NOd14vXJJ9VL,2,3,87,Nulla Inc.,Ap #406-3010 Luctus. Rd.,1675 Eros Road,Worms,28,34289,1-174-361-3802,(289) 144-6048
Jenna,Foster,IBv85hEGT1HL,4,4,50,Nascetur Ridiculus Limited,8359 Convallis St.,P.O. Box 917. 4303 Odio. Rd.,Sint-Ulriks-Kapelle,41,21712,1-104-648-3041,(941) 527-1532
Ivor,Camacho,NGj68aUCX9ME,17,4,86,In LLC,708-7514 Enim. Rd.,551-2898 Vel Ave,,13,35970,1-982-128-0678,(836) 504-3038
Tate,W#ade,VBc48vGDR8KX,20,6,19,Nascetur Ridiculus Mus Corporation,Ap #458-8260 Luctus Rd.,571-3935 Pellentesque Av.,Rachecourt,32,79484,1-117-580-1316,(558) 656-7758
Karly,Vaughan,MDa70gKAB9UG,26,11,107,Penatibus PC,389-7386 Varius Street,Ap #394-5932 Nec. Street,Bear,46,99256,1-855-237-8376,(847) 691-6198
Todd,Carter,TBh40bMOO1DZ,2,1,56,Pede Cras Vulputate Company,P.O. Box 453. 339 Tempor Avenue,P.O. Box 555. 1657 Augue Road,Villa Santo Stefano,40,39103,1-229-436-1685,(265) 627-3772
Len,Hoover,,6,10,64,At LLC,423-5241 Eget St.,Ap #940-2053 Aenean Av.,Pugwash,38,85458,1-583-705-7183,(440) 747-0701
Xerxes,Anthony,SYu03nPRX9YW,7,11,85,Vitae Odio Sagittis Industries,481-4111 Donec Rd.,4104 Est. Ave,Saint-Prime,18,93887,1-548-787-5864,(157) 983-4605
Tatiana,Becker,HRr14vOJP0EV,23,7,72,Sit Amet Risus Corp.,Ap #858-8441 Dapibus Rd.,P.O. Box 142. 6336 Phasellus Road,Genappe,45,65663,1-619-773-4600,(803) 289-8275
Sybill,Sandoval,UGr97jPFL7YH,11,7,70,Quam Elementum Limited,645-1020 Ultricies Ave,9975 Lacus Rd.,Mayerthorpe,51,23889,1-954-721-7884,(794) 658-6669
Astra,Mason,GEe42lOAF5MQ,29,8,62,Ut Pharetra LLC,3545 Sem Rd.,9622 In St.,Meduno,20,49847,1-997-121-9095,(211) 947-4977
Juliet,William,JEr93uVXC0IS,28,6,35,Aliquam Adipiscing Lacus Industries,Ap #855-1348 Est. Ave,958-8771 Morbi Ave,Cerro Navia,43,1970,1-150-748-9996,(397) 615-8200
Mohammad,Osborn,FYm69xRHT7DY,4,9,100,Id Sapien Cras LLP,239-6698 Commodo Av.,P.O. Box 139. 3915 Vel Street,Les Bulles,31,47073,1-635-950-8254,(491) 463-1590
Wylie,Roberts,ZCa98nZEO6HA,7,4,31,Elit Institute,778-6728 Lorem Rd.,3996 Vivamus St.,Eastbourne,44,86857,1-858-978-7659,(934) 765-8539
Miranda,Hopkins,IUe94wOHW0UH,26,7,82,Nulla At Sem Ltd,593-403 Et Av.,Ap #688-6044 Ipsum Street,Saint-Urbain,34,52090,1-540-674-0919,(909) 515-5671
Jared,Carter,EMe72sNYX6GH,30,12,77,Nec Imperdiet Nec LLC,869-5924 Pellentesque Rd.,284 Rutrum Rd.,La Magdeleine,44,859,1-836-280-3982,(658) 836-1045
Kendall,Pope,KLk56pIYS0CP,4,10,79,Id Consulting,6134 Risus. Road,Ap #608-3667 Nisi Avenue,San José de Alajuela,41,87443,1-641-893-9820,(352) 131-0707
Camilla,Wilson,UOq96jVSF5VP,15,11,22,Vel Turpis Incorporated,Ap #780-9811 Duis Avenue,1186 Et. Street,Groenlo,26,26262,1-696-919-8590,(740) 320-2757